x1,x2,x3,x4,x5,x6,x7,x8,x9,x10,x11,x12,y0,y1,y2,y3,y4,y5,y6,y7
-0.4322648873796228,-0.44414497424144334,-0.027573223124731264,-0.025948215599560696,-0.0011496844522865576,-0.0009858464772589844,5.388581953824575e-05,7.14796604664648e-05,4.272241938958276e-05,0.0001934076739678865,-0.9796724211122037,0.018429221522684346,0.10333688483273457,0.27115405786676705,0.7097202068838155,1.7345878884953012,0.6142394384207516,0.837351768167712,1.076015734764825,0.5564739299539415
0.4268567734603894,0.44401144810427856,-0.013786589671559045,-0.03328889917688347,0.0003382937084527134,-0.0015391586914171966,0.0006997115205339571,3.415317758537133e-05,0.00020079896521749466,0.00010761041013709545,-0.8111319140685599,0.017607417728691184,0.09856684383318717,0.7475336554806461,1.0072400068653478,1.5495548328133768,1.1158030555309386,0.8535686244690178,1.2441249331976671,0.5359927752289273
-0.3376258687450916,-0.29963097059291144,-0.046457992089518195,-0.050276844090502606,-0.004388913653392205,-0.006001971994476923,-0.00019749372814165385,-0.0003686778770954066,-9.357272342130176e-05,-7.954610846190215e-05,-2.6618910973837506,0.14737589778685467,0.10639245427844396,0.8508622963071483,0.7694718451873829,0.9674084182459969,0.5790478736692664,1.0755069846062966,1.6174218428381508,0.49080865971860466
-0.4171132495048886,-0.43810348517623426,-0.009702340772792825,-0.0024444808242879306,0.0005608430108920211,0.008583702296632207,0.001500424338692383,-0.0006158475247478854,0.00031822936828067874,8.71361523365491e-05,-0.8510831055417188,-3.9624022968173023,0.10177994068077653,1.1129593335855652,0.06102007960505615,1.3045144147130088,1.0382484487903858,0.8627815023117985,1.5829677331191485,0.5212279586040686
-0.40692855244434056,0.41840278785321017,0.026497206660853066,-0.03695570792842264,0.0008810513146870353,-0.0017388042467168146,-9.440468389871957e-05,-3.0998533911333294e-05,-5.993087393541125e-05,9.616371645325274e-05,-1.8542566114066317,0.18666336022080712,0.13960772091883888,1.0114868438750575,0.22146132346015818,1.5412430134711756,0.41641489695399947,0.7603851666568693,1.943838334495896,0.48364055983987364
0.40213781323269204,-0.4238675722697708,0.010634897051922767,-0.02065489496535693,-0.00044722905117296105,-0.000675669879961971,-0.0009923189711181625,0.00013126657871865107,-0.0002479426430151817,0.00031095405573984346,-0.870841778065803,-3.793233723101106,0.10446077893268958,1.268215110695755,0.06160841197628124,1.3064326807726363,0.7425404266698004,0.9359477727314456,1.642417221247282,0.493140239169301
-0.36992079783369025,-0.4203404519781506,0.0033635584928217387,0.003144938043168487,-0.006251777883354741,-0.00599499858807352,0.0008915468016052437,0.0010556247228809509,0.0002324225370242806,-5.8143676129861526e-05,-1.1542128948735118,-0.820494451623576,0.12021149751240248,0.5669383409358233,0.15793790850093192,1.613347861173143,0.5991624351765891,0.8853977071203006,1.3468129373155198,0.47746754870378244
0.3727807770612231,0.4049909311985675,0.03563147431258367,0.022228502680963894,0.002301546747560702,0.0008277601444974966,6.0988944202446426e-05,-8.971894954567547e-05,4.6038045968659755e-05,-0.00022573861793187745,-1.275018499926478,0.016770629957146826,0.14037617082759787,0.7081279764818537,0.20229988916906913,1.3904776862639598,0.6053719072929729,0.8387221180778803,1.7027275058851283,0.4540881400322845
-0.3736613833641604,-0.4114329536093529,0.02791219104672619,0.02829942434669992,0.0008686678896285434,0.0010153476976952744,-0.00010321109143614339,-7.351966630140187e-05,-6.324567140417975e-05,-0.00020417597781981287,-1.72753834202204,0.05417978083462145,0.14613955327121142,0.6919293284071991,0.2604918327758135,1.1910813250428176,0.4692161681114681,0.7729329027108043,1.3477851735532618,0.45804812159713865
-0.43803643045711077,0.3921664904389817,-0.011893100951346946,0.016999548338679914,0.00040425634136957706,0.0005149396977243368,0.0008917853547819862,-0.00019648918185119927,0.00023246007451300675,-0.0004200732471541189,-0.7917446309305476,-0.48847674897562415,0.09659814993848052,0.5262630360557454,0.40736118120686904,1.7177801631454686,1.0199085001473622,0.9682759780988948,1.2951806469155895,0.5438733864985378
-0.43182812437146106,0.432343497332108,0.004245825859895828,-0.004050414295711047,-0.003238340633109011,0.003541143425584556,0.0030761057224465383,-0.00264408530362521,0.0004908440476332715,-3.269158509930824e-05,-1.5788924217961922,0.08151711644154354,0.12885256787491414,0.6818822423111263,0.24086674879915262,1.6389319765540953,0.37636191679386816,0.8077969691330671,1.597491857809857,0.5237921125540163
0.35912834236943914,-0.3549663623865391,-0.04443621358977051,0.044605817117910986,-0.0020215633282628987,0.002004834971607273,-3.56592422104389e-05,3.484679482700261e-05,-3.329844918316144e-05,-9.205217206960115e-05,-0.7729379985426276,0.025650355300510207,0.09188271089476009,1.0979337542383119,0.43178836942421545,1.2234067529497903,1.1791379503446986,1.018934985268551,1.3131575886126294,0.5011172752745348
-0.43466605388553436,0.41288836926096295,-0.010875634939214297,0.01090380691270224,0.0004755064333672273,-0.00044155557875965207,0.0011689008719749266,-0.0009907179546663105,0.00027370646992515345,0.0006372667455398039,-1.6624566000521932,-0.7215706420821095,0.12676617594208806,0.7914362591992703,0.24448465919920437,1.1655577526710195,0.3432690934201603,0.8486895888603653,1.631318265679979,0.5392032921356803
-0.339402602319221,-0.4041297108488354,-0.017312823371702243,-0.027560181181673533,-0.0006477570329002847,-0.001257374546938577,0.00011904694621732365,4.394810574512158e-05,6.893675083386172e-05,0.00012701871448613127,-1.1945843117596786,-1.0735905891996858,0.117409732668331,0.619036017698323,0.11383683471017507,1.507525355375958,0.799574980547924,0.9586187254878838,1.578411553290825,0.4666901456599126
-0.3786412682063838,0.4062628266249305,-0.021096923343228637,0.025115306887269897,-0.0008191263573969771,0.00104347332731362,8.676538745950407e-05,-6.0620264194175243e-05,5.695468550600155e-05,-0.00016481146502195256,-1.9339205964592783,-0.054227162151201956,0.12084651839055133,0.7321407034349147,0.10913275218870563,1.086338021835026,0.4765561142729455,0.8272318560006665,1.2495188344372594,0.5003449026133262
-0.43288667882360443,0.4487119298681793,-0.0031313994000864917,0.003080162342214785,0.0052357757836713975,-0.0056725002853260705,-0.0014424982084187059,0.001224491773239073,-0.0003107555842758005,-5.0484631860401715e-05,-1.7521042455692348,-1.0259964923946174,0.12096867013409417,0.7509201901307817,0.07445734924897365,1.0120072960565694,0.4170957748499191,0.7528822920478769,1.5524149670191383,0.5286674844477627
0.349867248043939,-0.3657480368435298,0.013411845294987968,-0.01467146368059795,0.00037980450462352723,-0.00042553677983685125,-0.00030246720041818585,0.0002578030502546356,-0.00012103076537882359,0.000511628588957837,-2.096399601560855,-0.2768710685384876,0.14237941564847564,1.1748859491811834,0.12250298318851276,1.3419232294649577,0.43568170220145064,0.7936562977731023,1.9086964379244897,0.45241765944637646
-0.4137835580372239,-0.42767437045872747,-0.009726487358768703,-0.017688622951348255,0.0005521773810952507,-0.0004948706903616387,0.0014522446026200492,0.0002246293864067693,0.00031202130084169243,0.00048047066161228773,-1.5542973514699117,0.0477559126759363,0.1260259929491546,0.5276846975645978,0.32394174318817165,1.5038403691236415,0.4209580189392166,0.8402431162276094,1.4575224014586727,0.5183080233638985
-0.3787832817703855,-0.3967129523524779,-0.029424659390433906,-0.03999944165229935,-0.001556583253604314,-0.0026465870986398824,-3.095056882689396e-05,-7.378376654585568e-05,-3.05702383453027e-05,4.501720910662065e-05,-0.9029569340287764,-0.21250248443514547,0.09930141848575028,0.45192544647291044,0.46207730301598343,1.71742634646006,0.9976097939965888,0.9332174834307434,1.3580435409287719,0.5083247025237545
-0.315954015627062,-0.31834316260222356,-0.04319821202472931,-0.04500963654702098,-0.004169308535756842,-0.004468057691142987,-0.00019035632403920183,-0.0002129418777031979,-9.151655911043801e-05,-5.019713562235029e-05,-1.1398586699153839,-4.883202908394029,0.10408113939886733,0.7050542531037058,0.05372448253774873,1.0252445623811484,0.6926980417776486,1.1136346889605184,1.4481476106031923,0.4714041594124868
0.36334285409182626,0.3796493133315975,0.02880073321410694,0.033710566560958874,0.001579385309160121,0.002017828857724843,3.275041472082081e-05,4.807133740726995e-05,3.163128040556005e-05,-6.270113354091397e-05,-1.7509475280587796,0.08577214483885792,0.15518193306778463,1.0506743702894754,0.22482704484130545,0.6983818224442622,0.37950320468320137,0.7719560336756629,1.9897112760128304,0.45181757393441835
-0.4187233408665635,0.4179901059429438,-0.05339776384129855,0.04844855032545219,-0.004300040005688636,0.0035720548780302105,-0.00016183958414105185,0.00011815795578238176,-8.297637939330589e-05,-3.131516587676869e-05,-0.8731470927533237,-5.825344517712514,0.09612064541339319,0.746858205305299,0.04084281442417047,0.2801550749319331,0.7857482632603857,0.8837397470115594,1.2026994792374586,0.5732476343181065
0.35882863594719755,-0.3905363003041792,0.012145147049541085,-0.016557551798198376,0.00030310429198589537,-0.0004921444460425607,-0.0004528154196432667,0.0002115681149295231,-0.00015441063497089128,0.0004452604350052542,-0.7397292577946695,-3.674948535547632,0.09843768287013828,1.257636777716997,0.06748145110535243,1.2049245996287594,1.111013283582151,0.9973439684302847,1.549260492397147,0.4595294657737631
0.39452116005856935,0.42147041496125554,0.06266272364368589,0.07641261516267012,0.006344731323849606,0.008515851483530791,0.00032851785655020334,0.0005156566977103524,0.00012721969493389822,9.384153561647051e-05,-0.8138030004508678,0.019099558807196337,0.11222948743898353,1.0554178431927512,0.3629214914727491,1.805794658863835,0.9570425392319167,0.7997627674823242,1.8183843820784327,0.4531189569543362
-0.3926253778624353,-0.42148789022813216,0.03846137201555457,0.03834785640234547,0.0017243624349234277,0.0018860469876525636,-3.091309500026411e-05,3.580162152288031e-05,-3.054789071704868e-05,-8.544364307078334e-05,-0.9767140815540394,-0.298061956563597,0.11803391614188166,0.5743204491266464,0.20421222106810397,1.3694848516416334,0.7179003385719992,0.8215725120742382,1.3462878134072016,0.4633212535767028
-0.4083455606569688,-0.43353592151121995,-0.026418663845176063,-0.019464112044341814,-0.001142692237413179,-0.0005844786563300596,5.213428779760488e-05,0.00017095164269967944,4.187869631361334e-05,0.0003872878953973071,-0.7010733160147817,-6.709820571413234,0.0933166822272437,1.1136988832809707,0.03665185272881356,0.42339243000678045,1.2022680531608612,0.8854324368046842,1.3007782083861517,0.5317384995100307
0.42370155427898276,0.3810493942881822,0.03820759474900715,0.021885652987109823,0.0022173401182600653,0.0008718349089260463,5.19100000837572e-05,-7.840038604659605e-05,4.176984967709165e-05,-0.00019876683656534948,-0.7728764587911434,-5.082812812996869,0.10040787699443247,1.22336186099096,0.048916572964375696,1.5319410199300512,1.000018709774381,1.0207787034593303,1.5255627478618827,0.48986357314739226
0.325188942108277,-0.3679034899633359,-0.02647706750224406,0.030897273920030683,-0.0006508570680985745,0.001035154770690873,0.00018762891253738305,-7.747631002409171e-05,9.072279449501527e-05,-0.00022041402244699887,-3.0752414788039344,-1.0102823207044587,0.09850148576652452,1.2808659255594501,0.33272678794373245,1.7393696492491812,1.1163365807901766,0.982483534559004,1.339182059507952,0.46207037027874265
0.44576974103273875,-0.42370902113938025,0.022590070437155378,-0.016464437620196826,0.0007506553541580566,-0.00043629286722667314,-0.00011402538952541945,0.00027642008475465277,-6.716652816541749e-05,0.0005661648299510328,-0.7682424456528458,-0.0334784858330841,0.09858347161023372,0.7274463582854324,1.0239922099878553,1.721320853923688,0.8737556893910747,0.9184566495616139,1.3617652923514099,0.5206815364481433
0.3277235765081879,-0.3757095360886449,0.05286878522343388,-0.0631227757728666,0.005863351674193586,-0.006871704236156535,0.0003308758411979583,-0.00039063202857685277,0.00012777010848722756,-7.774351781202643e-05,-1.02645932750151,0.6837999618212002,0.13897132509958782,1.2094486645750882,0.2666816623495938,1.683666105791131,0.8542253019218143,0.7779942900871777,2.2504059015802884,0.4169261926068847
-0.36724619068157344,-0.38249479168469175,0.03156592090509851,0.039048362688682864,0.0010762625617411,0.0017142501697701633,-7.260305112239645e-05,-3.185338689656823e-05,-5.114624379740884e-05,-0.00010650621683653632,-0.8830311516023823,-0.9541824367839032,0.1104059497837468,1.0189374657531522,0.16037831516834503,1.4969058927194674,0.8475106927685266,0.8906404854101561,1.424087185574501,0.4509432084916876
-0.4295101908433111,-0.42460527717306495,-0.02612479461152795,-0.04419670669017618,-0.001044849333068264,-0.0029289825671184318,6.310772870303341e-05,-8.32604913475534e-05,4.699693577126998e-05,4.170643885864675e-05,-1.3331511298161685,-0.5528197716497145,0.11654921715907933,0.5239644444746561,0.2587238606933781,1.7585684201835585,0.49554260958093077,0.8442864937599983,1.349099210822863,0.5520487477963659
0.4358080621873879,0.41540971887916245,0.003727857312058101,0.00280424602021269,-0.003772910054375925,-0.006130191313681082,0.0025076320904337066,0.0011379214058271207,0.00043388953858803763,-5.2300343355116275e-05,-0.8480331371255074,-0.18975392837617722,0.10098068415070408,0.6837128949364092,0.49702703190186,1.5882935321588438,0.7244067691932303,0.8624411600413827,1.1889429511094367,0.5227303108963318
0.44990810306289053,0.38713322535401556,-0.02814913015115187,-0.05546755856983796,-0.0011332547328899887,-0.0034315563080250253,5.695260439625278e-05,-9.299582119736e-05,4.417397655865145e-05,4.0678413704752434e-05,-0.8912319289842726,-2.4118888429753524,0.10190894053133176,0.7079373244426257,0.09579065756252796,1.2018692963150073,0.8932751416154838,0.8902332318001172,1.54900246747419,0.5732738968101702
-0.44448079431402904,-0.42014721780054676,-0.003026634066072872,-0.002482167324283183,0.00579359380368682,0.00787800695624527,-0.0011897913732298083,-0.0007358693596659187,-0.0002766488373657702,7.453866063655797e-05,-2.3752294676301307,-0.05511655892835955,0.11161183766387718,1.181928178467902,0.2377634095801427,1.5911239021002779,0.5065737427886573,0.8561488197588931,1.9476888813708946,0.5387740168242906
-0.4270932625090371,-0.4231532552327556,0.021182168834610077,0.02482304548341636,0.0006101866481604117,0.0008186187522208632,-0.00017009723407300373,-0.00010384940915343704,-8.550674547055768e-05,-0.00026729134212224006,-1.1276799393900232,-2.6714672555265744,0.11961361288369282,0.9330300179544421,0.07864196998850884,1.570459148912229,0.4423042491448737,0.9141998316776542,1.6246658013070023,0.5046737083580577
-0.3998362685008547,-0.3344722824485121,-0.06518546354350806,-0.07217941317537177,-0.006725205627542687,-0.010408086530859704,-0.00035908975866743605,-0.0008657603659668699,-0.000134239693057294,-0.0001528774887553128,-1.2720775382435663,-2.51448843152583,0.10704332197716256,0.5517676871175843,0.09263784218322044,1.6957807846336048,0.55002181454558,0.9809191669887871,1.3554296876109853,0.568440487804848
-0.39615901064842873,-0.369843839162346,-0.05431185102836362,-0.05862595552516045,-0.00478674938979559,-0.006085068485692033,-0.00020265513139107618,-0.0003214055935631472,-9.504132674297313e-05,-6.676998610716653e-05,-0.959116437537762,0.03206379394672788,0.097781778686285,0.4192103812188519,1.0148656935094644,1.7357802545038192,0.7938686968067008,0.9469006265183659,1.1765467432776269,0.5510201571367551
0.40254989242004413,-0.4397273414868454,0.022977050480544926,-0.015761530687692406,0.0008896340152872984,-0.00038152786989404297,-7.898743707268265e-05,0.0003573407530129224,-5.3815627542785e-05,0.0007041107933306433,-1.6549401716375587,-0.010153264240808889,0.13843631370319034,0.7719820278070021,0.27830363891946697,1.4244201835708004,0.47266923270785166,0.79261975195484,1.6180775753945162,0.484152133636531
0.3963632120802398,-0.430818396934127,0.06586275323381745,-0.06644128443535113,0.006941717146510701,-0.006311742747448923,0.00038153354497958135,-0.0003044648868036884,0.0001392432925653637,-6.099641090285272e-05,-0.7529699163236686,-0.08429893090118849,0.1081982271778613,0.6503037949047484,0.2988226835812611,1.7328396201108636,1.0415815936428656,0.831878643374187,1.469503775828524,0.4525724287454558
-0.3762879473082791,-0.4060353021602692,-0.010445580961749096,-0.008082361689841512,0.000423462679947682,0.0007697441885856647,0.0008594937241139092,0.002520559485488087,0.0002273420096111587,-0.00030210242621906135,-0.7814870200392487,-0.010119268945451808,0.09767820656368871,0.9776460771840895,0.7882709958263695,1.4490478310903954,1.2289769615743638,0.9054153727298755,1.5387063771905027,0.48798200350007376
0.4286689593013594,-0.4491470176805602,0.01971551935138132,-0.025499445646289955,0.0006083055994947961,-0.0009389457936597709,-0.00015833456243098497,7.833375028834108e-05,-8.188692656295944e-05,0.0002089164442509138,-0.6627241949438125,-0.023983133573105934,0.09502629464792874,0.3603254536494284,1.0531815212705857,1.3563363309806002,1.135026535929847,0.88520737286197,1.267561638997568,0.5080403354747652
-0.41989167409880057,0.4121068346057867,0.03437741493369605,-0.029882742894917422,0.0015193890234499034,-0.0011303906406345775,-3.6433620573660495e-05,6.115997212996481e-05,-3.3733079107389276e-05,0.0001759749276141317,-2.8015354325159008,1.5299349275323655,0.1123839346450626,1.0847138370356908,0.09574165345386287,0.8503085098495268,0.6523365862456585,0.7352508769797846,1.3468281495648142,0.48706441092664554
-0.4220821890393006,0.4473466489261647,-0.022479032207292228,0.01949763561004739,-0.000800162048765135,0.0005622227629979141,9.809897666223563e-05,-0.0001870603775173465,6.133574486507342e-05,-0.0004204280676072389,-1.354909589843277,-0.014984684489013151,0.11845495910975465,0.40991818043574424,0.28399492299597395,1.764238230883361,0.4286182984820241,0.7873658686335118,1.1738924230953993,0.5407372993268758
-0.369587495127203,-0.4183159350832384,-0.040372427932566235,-0.040166972076970474,-0.002963531939407081,-0.002484522227163449,-9.442765154664457e-05,-6.362790990348953e-05,-5.9939674724223375e-05,5.154790361618318e-05,-0.8359395005245209,-0.026938940614794456,0.09639982236751268,0.38124135650662694,0.6091857251194174,1.574293899880623,1.145428529765193,0.887493596972732,1.1638650920235185,0.5111410190506541
-0.32918417653043,-0.3740611754802927,-0.00815943823450896,0.0048667525926241245,0.0005700568339729764,-0.0030176462276312282,0.0012877078371764962,0.0031090231535466856,0.00029017590795135396,3.562423117594704e-05,-0.7775770578886995,0.07106354780807678,0.09996051952619801,1.1003834498656118,0.6696066127576388,1.57112789691097,1.219186839956455,1.014603445366284,1.499043462302305,0.451260601580173
0.3556603920957274,-0.3355536326402594,0.0357470162549177,-0.03549729869014001,0.002467038906312288,-0.0026318622302394434,7.115303808897989e-05,-8.304559908023657e-05,5.0527185657469385e-05,3.887928334212556e-05,-1.8090873777839986,0.011503206746606208,0.16649101620146037,1.269587744671884,0.2536537586751918,0.7931954663907291,0.3315831377086557,0.8594080680955588,2.3591837643432143,0.44265132395992407
0.3756537389935784,-0.39824074431129286,0.013779319026883396,-0.01986538779583556,0.0003636832057747247,-0.0006814719691497953,-0.0003438169829161814,0.0001233568392452743,-0.0001307636589404222,0.0002901726784696634,-1.7757634200626513,-0.1908592320567427,0.14249495514903968,0.895638757061699,0.14169073832973245,1.0897847923961936,0.39092477547453247,0.8049041942750271,1.774510782921021,0.4704558254454532
0.39835426656506984,-0.42412054624461276,-0.039984271535952444,0.0338484891110923,-0.001895185487956307,0.0014945606581458397,-3.457579265848894e-05,-3.718510145399665e-05,-3.268401654255963e-05,-0.00011686786114470409,-1.3709376174539867,-2.4493517678412364,0.11143975917491786,0.8430285191977753,0.05804321926952683,1.2856571100381577,0.48355542433296833,0.8293623540304328,1.1418024877574906,0.5321305747374468
-0.4441257197659423,-0.42419291140145937,0.0036356433968048074,0.003963342092862991,-0.004207822728709005,-0.0037885957890064857,0.002011822624552397,0.002322762763282775,0.00037986357552688627,-3.073499424617728e-05,-1.8439675871220031,-0.16356517853558353,0.12640049746040044,0.7800932578491923,0.14055750484189086,1.101111474636975,0.37187786526754946,0.8036034452635606,1.378402544805832,0.5379296074980409
0.3531170929844535,0.32600657349743445,0.031257638959397656,0.02927715077820708,0.0019222451074239876,0.001885973569824882,4.677322849877747e-05,4.8125731860883614e-05,3.9223518590623806e-05,-5.978146169301677e-05,-1.757244108892623,-0.060080521836935845,0.1647009691263248,1.2281513012592238,0.21383337033828595,1.1547115365107952,0.31831769498081447,0.9339265399908854,2.3283011761489143,0.4435742337956913
0.42231868673169226,0.4174404807081544,0.002314790020944227,0.002090447432762539,-0.009077734349834388,-0.010881630613569497,0.0005757577164734426,0.00042659671498095737,0.00017850350588163947,-0.00011536962628734265,-1.980137492351039,-0.19761431098302012,0.12153900392904869,0.6923621037398546,0.10457520955559327,0.8218060627453714,0.46609102628864746,0.7244158259788956,1.1641669741308367,0.5088178851620255
0.4181997421889353,0.4246623682320101,0.0344579292165392,0.021237768066411505,0.0018485337527398248,0.000711182593741125,3.8460830178645874e-05,-0.00012047140004114423,3.485387600312557e-05,-0.0002903685754290974,-1.5219531975501916,-0.2443666252791727,0.14104155481053832,0.6866814474547044,0.250210301043414,1.006074776311119,0.4281944095679491,0.7733086806045434,1.4902450295222038,0.48817611554575224
0.41737763539860945,-0.41773735596299055,-0.022837791706440284,0.029980935022998305,-0.0006841475636109534,0.001158512020127842,0.00014246036513297807,-5.804884134861773e-05,7.682793070846291e-05,-0.0001680322064225945,-0.7046638695992051,-0.052056404949304635,0.09301230822693439,0.4106632879094079,1.0637696636507241,1.1823487977183538,1.2488794697027898,0.8919294944087472,1.0905235942116556,0.5350116251203709
-0.3237449718054133,-0.3538053399003368,-0.013789623319950881,-0.020059539177821325,-0.0004447841695325494,-0.0008140656753748769,0.00021784171879763006,8.326247167670178e-05,9.927877293762643e-05,0.0002039308127299881,-1.527618370950741,-1.404883646211654,0.1314329416152471,0.7438313322948975,0.09915370971108856,0.9052483657685153,0.5147268104880692,0.946962958170093,1.5849701749503773,0.4529411225425605
-0.3990152808043064,-0.428508735370195,-0.011318288812289764,-0.01628061758277746,0.0003924159996195796,-0.0004205203688651217,0.0007895019023060371,0.00029685116230223274,0.0002159793172759275,0.000601686266346068,-1.3471163998332158,0.11243977836774025,0.12218978898932717,0.4389346880845947,0.3129842058739237,1.798069817700671,0.492401414125039,0.8319133031315112,1.4239462769342284,0.5075589677638289
0.3704403015009923,0.40129002213334836,0.01387203453104999,0.015531767558517307,0.0003754090664845869,0.0004193716361768209,-0.0003222723826904157,-0.00028367103519850464,-0.00012575422290577424,-0.0005685180266537625,-1.1491974220915095,-2.344117864634736,0.12276987177872271,1.1622858203984674,0.08161134471841582,1.0098506878566704,0.5297115482001429,0.9051571062298659,1.5064950576519682,0.4665716174251974
0.34734929620308846,0.4373312481809289,0.024021471602498585,0.023720409744609663,0.0011818935321477857,0.0008463410292657444,-4.350724842669806e-05,-9.160558954885898e-05,-3.754664026845453e-05,-0.0002350307814151439,-1.1172032459767833,0.06069657414532666,0.1325135445447347,0.6708192185180789,0.1564359577490402,1.4320429414598064,0.8420140969111064,0.8356873038955581,1.421131167177932,0.44405688531777376
0.40498832137789037,0.3587926356141853,0.03265732750726299,0.025519172826795448,0.0017400067906679657,0.0012717025236475658,3.555505486541151e-05,-3.936659448438833e-05,3.323968840150465e-05,-0.00011207761583561268,-2.120877334187951,-0.12192646624938686,0.14073057886473472,1.046687190481524,0.1395495208231201,0.6547272498554568,0.36268470981917295,0.8828659950732792,2.0671301537605067,0.47919680705631157
0.4453856205336399,-0.3974127310206095,0.012588376608796683,-0.013849343194159662,-0.0003704393848941009,-0.0003404939064681648,-0.0007783123480074507,0.00040153404548631144,-0.0002141263532687507,0.0007497306950977967,-2.204978117360587,0.010996737385421809,0.12404622397944928,1.0463995465407838,0.2274292831338206,1.635081550423571,0.40464514321981965,0.928178064287021,2.0036787758935257,0.528943125685885
-0.35445987142455565,-0.35704119471493245,-0.02483263402326583,-0.03095854689180655,-0.0012263215621754217,-0.0018590646276038115,4.1493565262777934e-05,-4.381411192596354e-05,3.6487819220830826e-05,6.629801647289905e-05,-1.0998890355071709,-3.5716433865338337,0.10776661396129429,0.635567971612558,0.06818426291778533,1.189196508316881,0.6700467539016031,1.014762182909348,1.42720732378398,0.4842152648085446
-0.3662798296809558,-0.38251418297652384,-0.024630766964844345,-0.03266307029621942,-0.0011550816716681081,-0.0018794111748493998,4.7110802606285694e-05,-4.2347622622730404e-05,3.939415343319957e-05,6.959690460153475e-05,-1.9171115648219952,0.052018054067631395,0.12172503469262037,0.6853963428627597,0.13768967013635244,1.4118362736464605,0.4588361880446479,0.8832570610452739,1.3572642985592884,0.49340415139814015
0.4214884961225812,0.38104094824782275,-0.032140111302547264,-0.03533709818843658,-0.0013410475086513172,-0.0014063471471828957,4.493676719520975e-05,4.4757319026736715e-05,3.828654137183612e-05,0.00014020514271204898,-0.8742047398272187,-0.1971565272569065,0.09786253361800464,0.3697501956933622,0.5814144819715279,1.8133942023355456,0.8625165725262888,0.9846334660680819,1.2829417151277822,0.5475105624867189
0.4368932011501074,0.3753443982337322,0.002514877111669015,0.0030609893965019936,-0.008095586339879715,-0.004516521166431432,0.0006818624921612267,0.002068656278556922,0.00019769124163100741,-3.1337438668878716e-05,-0.7764651859675591,-0.4857739888683184,0.09780510401244315,0.6561955697873686,0.4061273728377569,1.7385854492327564,1.0126064987828243,0.9698654655989101,1.5958672144295085,0.5223379340756804
-0.28579852932964034,0.3504644552263384,-0.008833327822614786,0.01612383462287359,0.00040445584097794,0.0005407790441079662,0.0006443509369408452,-0.00016590760914315044,0.0001910529226701806,-0.0003541599168131071,-1.1344476288445289,-2.379625074074329,0.12156746615724133,1.2283714663456786,0.0677417194358242,1.6209255650320458,0.947588706660079,1.1050175131909434,1.9601873748566665,0.4245635471408056
-0.43470693743763106,-0.4449529221019344,-0.05525660449703372,-0.05444178259710774,-0.004368240752013018,-0.004113858981831851,-0.00016155143405337813,-0.00014328792847751172,-8.288716996063525e-05,-3.292715534123781e-05,-2.7730136005303634,0.3331528183197893,0.0954652807996531,0.8149316946764861,1.0062115999256174,0.40706842346504435,0.8529274020052626,0.7205087221897095,1.0488171974633231,0.5935613096125093
-0.4320021718446978,0.44600429633191696,-0.002432455851323044,0.0029942583797936285,0.008504031078301808,-0.005942443500552935,-0.0006324385812748195,0.0011365078090175024,-0.00018891299084059936,-5.350759862029829e-05,-1.0304277535166602,-1.5575695837684713,0.10911557084584066,0.43102432282515707,0.10999429553141772,1.1161461741845442,0.5566099841851294,0.817703831997393,1.2181756880890942,0.5233336581828397
0.4280771453807211,-0.4048482011981505,0.022946473012523238,-0.009632815623636104,0.000816972977704778,0.0005463272118727626,-9.571021311748131e-05,0.0014025772039789992,-6.0429790946933885e-05,-0.00048465426324385125,-1.814064545368581,-0.11395712877787308,0.13684620779885937,0.9501019684836521,0.3292919213976232,1.7573700813650246,0.33984193185284717,0.8443347043231693,1.9308253734083325,0.5049189918327469
-0.3131998311285458,-0.37340456832419505,-0.014818910990314411,-0.020741820127791095,-0.0005343841812481434,-0.0008076857980033925,0.00015538638655317012,8.792970187101151e-05,8.096313314328186e-05,0.00021663878149795555,-1.3337200882085107,-0.9531780161190039,0.12583008980171256,0.6750966141348657,0.10727693559139949,1.531849851117861,0.6926737474347198,0.9725456543013963,1.6226522271174355,0.44663911443553106
-0.3469755948096585,-0.38816950268749184,0.01951329963338617,0.014596786956136941,0.0003938937311215045,-0.0003442331255272081,-0.0004200452877554455,-0.0007749545076646343,-0.00014756515226375995,0.0007227505486794532,-1.3485620399864895,-0.6545975297945731,0.140814271336187,1.095301760243258,0.1320133625572609,1.6245043749603054,0.5553049132348882,0.8807677118558657,2.017498218731272,0.4461868947519603
-0.39135688642214733,-0.40879920814391796,-0.017286304246032766,-0.011833464384933056,-0.0005333252414131785,0.0003720094613187483,0.00018480079062558,0.000734307656572123,8.989487463069681e-05,-0.0008134581432153508,-0.7374850162289119,-0.20616587272175133,0.09502929671526447,1.1147059219432547,0.6675603395273103,1.5996158282481847,1.2256286415598912,0.9707165952832214,1.4736147673220716,0.5075298998958316
-0.44719267404061214,0.3710615831114015,0.03869758768844895,-0.036354231776202714,0.0020783532327560733,-0.0014335159712431118,4.4191579113903564e-05,4.4208377118931224e-05,3.790202465020537e-05,0.000139955326528724,-2.0870775019428027,-0.34239620514816127,0.1364794010699541,0.9247170587785787,0.2955735226771499,1.648829545231942,0.37846101637925395,0.8700926812966511,1.9591228883564307,0.5053351938122805
0.3896892163797567,0.3980387044267718,0.002866293133625676,0.0027609095870697133,-0.005392786319839384,-0.005964913263054025,0.0014862627848815067,0.0012316421204587819,0.00031641292765781305,-4.843331677926637e-05,-1.2554173453569117,-0.7415989339838693,0.1233998424712975,0.5440153887215529,0.15585909926405964,1.1042923417477484,0.49213861918192586,0.8345135514471084,1.3334688876298306,0.4839760287907921
-0.41775978528130664,0.4171161246632589,-0.014583401525666876,0.022646774669272805,-0.00035178834894749336,0.0008247479623755698,0.0003945754599685828,-9.23328930614494e-05,0.00014209723941573248,-0.00023311911165158717,-1.685498735061931,0.015063137872122897,0.12484658678438998,0.4200239905449857,0.29056062954181605,1.0780174883573235,0.38436032009447446,0.7984328102737737,1.263585867090916,0.5283162566219216
-0.4176100421575059,-0.3900147934717381,-0.008587567784938828,-0.007293119018569921,0.0007110509730934501,0.0008892607837786024,0.0022497920772911128,0.0031255056686397896,0.00040638286626336833,-0.0002572360552493852,-1.7195029449553187,-0.1946473270048578,0.1292326736887177,0.8274346884269739,0.18936280457576635,1.4882251106575484,0.35839965783751887,0.8444201456312135,1.4722461539101426,0.519777881054308
-0.4498519800578379,0.3707999180632263,-0.05199765456409972,0.06025468652753453,-0.00370965781527944,0.006393538977490878,-0.0001191460116617835,0.0003489604374978455,-6.897137282873555e-05,7.128333145591029e-05,-0.8690953763762342,-1.2151460318809753,0.09718435423843962,0.3953764529348932,0.19407608973540239,1.587756577636059,0.9925222024129814,0.9537499888593123,1.21204220275825,0.6069770922025529
0.3951902553078944,-0.4218587906085014,-0.002589347520759423,0.0019068188156316512,0.00948055553675311,-0.015679585961595095,-0.0004613660087530234,0.0002058394470803392,-0.00015616413920437533,-0.00021649121228111198,-0.9707087661828048,-5.725970472327127,0.10549904006878323,1.2568995564209324,0.04303395731817204,1.5528973442455514,0.762748709684482,0.975616308292318,1.8532875130873394,0.5062158206455878
-0.409768346036448,-0.37764066660390394,-0.017864843393771635,-0.021892480983142087,-0.0005342808377273327,-0.000882959325468035,0.00019081552918842693,7.620118953278974e-05,9.16497580047641e-05,0.00019373171212608295,-2.1481125465932,0.6486234660308731,0.12132001692925169,0.6828620875371918,0.25191395382806914,1.4680324915428007,0.3907526284529373,0.886631153294379,1.4343613576268794,0.5243701049819676
-0.4266585800306274,0.4441833387646311,0.004038816036208997,-0.0032058186126603682,-0.003624718046637188,0.005364209902901583,0.002515557983124886,-0.0013305462810091553,0.0004347168342825639,4.745069899933857e-05,-1.3823628953683291,-0.6673363178222346,0.12652691848199948,0.9022170558127057,0.19866459427020344,1.2124556325053606,0.3904971801827391,0.8347066974027723,1.7292197057284555,0.5201959192324965
0.30094255953201826,-0.348270538554681,0.02733983679228279,-0.03181064259267157,0.001839962243363056,-0.002025739418881781,4.9047497550501714e-05,-5.1685384537363205e-05,4.036389325494933e-05,5.7601504617203423e-05,-3.033796052570672,-1.0112364428515352,0.1225543282769143,1.2219736078182337,0.07217928869186457,1.2338978772119689,0.6801089846507432,0.9142845658761883,1.5833196078918077,0.4139932745627779
0.38306084963140163,0.4294959708896157,0.023973656757203594,0.033378433004384984,0.0010322555353484122,0.0016771639041248015,-5.903722276313007e-05,3.193168004040664e-05,-4.514301141878677e-05,-9.051428322103241e-05,-1.7270927303009251,-0.07065572496183133,0.14290291788119627,0.8093186146876862,0.14562281401254226,1.3688520863381963,0.4387218239243439,0.729011800492442,1.6362399168537975,0.4687607533186182
0.28926110075294986,0.3948659670699372,-0.003992695617843926,-0.002870033250364653,0.006248187023936022,0.007780291984693228,-0.0007397142510389592,-0.0006456173273489853,-0.00020765195806265614,8.804399442912898e-05,-0.9024243101127399,-3.619670009192598,0.11069963820492684,1.2143880545505679,0.058773823426321335,0.7206723284738757,1.207454967634933,1.0753461923260712,1.7562341839326718,0.4285020327259069
0.44162851271691866,-0.4347423913970392,0.03918466702029197,-0.03137091929391237,0.002202029949992122,-0.0014637454016873182,4.9704268891278625e-05,3.586921825663014e-05,4.0689289405378625e-05,0.00011030711098954004,-1.620613067225177,-0.05258580154288836,0.13938721775878699,0.6768632367076256,0.32812250446177493,0.7727246060387308,0.3598709272375485,0.7340236901939574,1.3787790672094844,0.50379079934694
0.44246515843437756,0.42880230960902144,0.002636743472547309,0.003332816063737234,-0.007515490513802216,-0.0045831627521846115,0.0007664718679025859,0.0018227631073634946,0.00021215406122886956,-3.6145303837205226e-05,-1.312026067841994,0.024193909817496244,0.12352418343894785,0.4083440449143287,0.4172256228601553,1.7691099363316738,0.39478071162671613,0.7749199262333482,1.2470936730087434,0.5278117060702419
0.4270293916730707,0.38551869000179156,0.03926192328388327,0.023886706673718755,0.002312576297400955,0.0010162644524636698,5.5432678334228246e-05,-6.0924793303190325e-05,4.345855151457533e-05,-0.0001628357930884858,-1.9123226608607564,-0.25981492455134597,0.14074330132156418,0.8228510531113757,0.16112141384931508,1.4748928488012885,0.3538446469617394,0.8023931205706739,1.6116322494388888,0.49176419678532945
-0.42221846916053846,-0.4056307175222416,-0.05994757107660104,-0.06346246449714724,-0.00531691293889532,-0.006263840075663603,-0.0002308585149689786,-0.00031467710099027877,-0.00010281837470017527,-6.380717403235731e-05,-1.8746615516994332,-0.1560377967386937,0.10835605810531011,0.6526310892138678,0.10049587781507963,0.9969840060065606,0.4084019980462531,0.7986922189577454,1.0703994457680868,0.5857277248936931
-0.3494060864494647,0.4056476569246401,0.020741635436886806,-0.02030434781643442,0.0004473559924288125,-0.0005246813215781328,-0.0003363863469818839,0.00022879405922523818,-0.00012905037335159906,0.000511341034902589,-0.8057657562717707,-5.485604114799402,0.10536142279220394,1.1731902653404,0.043273351422531275,1.6062153439943296,1.2283175968024618,1.0281137126728506,1.4588860370551582,0.44688245753203937
-0.38655100424394034,-0.38611966131166203,0.0027259420604701426,0.002974478932103152,-0.008843394514965635,-0.007483247243835435,0.0005107210111203923,0.0006781833257247985,0.00016604442430217148,-8.520906274450784e-05,-2.548767172623793,0.1090886734430558,0.11825886058783747,1.0984683416597447,0.40715559386494327,1.4496499362298374,0.5500946700687543,0.8864020635258223,1.7792148970905683,0.49341430978663575
-0.3181565798202276,-0.3173499308430123,-0.029674734824047633,-0.03543785814551317,-0.002000206855270591,-0.0028275675335293804,-5.419429789857851e-05,-9.791631355503731e-05,-4.286988246904341e-05,3.347368793322456e-05,-0.9577228758924421,-7.2722433057633,0.10026174199817023,0.84597177617804,0.03922647629970128,1.112800956595106,0.9685498693782834,1.1485443404994884,1.5856582835479243,0.4614877587161276
-0.44444081831405285,-0.4379231338860101,0.0449733062084452,0.052440256142831355,0.0027552835141160803,0.003633893741745167,7.10966713528807e-05,0.0001126398209941312,5.050302038477269e-05,-3.3569103820222476e-05,-1.1689983211075554,0.01401595445200208,0.1284621339526346,0.603781488646324,0.33763412719834013,1.811522601813775,0.4529860902265253,0.7631525080969073,1.5335472045174068,0.4971749103812977
-0.4131939369350813,0.41564184885122946,-0.019689267604908703,0.030329542639449234,-0.0006374773740847748,0.001456720041496948,0.0001421487255891641,-3.494556448745128e-05,7.672643795694921e-05,-0.00010653525846903934,-0.894411953059933,-0.010110592916203061,0.10024833744076536,0.3975613444821389,0.8605893135976201,1.747272431725005,0.8764186029138957,0.8860862935314937,1.2617451093921714,0.529382312443573
0.35416093643908164,0.3517575167163612,0.03578096924044246,0.02840244216810139,0.002485639745223364,0.0016059145992131298,7.230190356449198e-05,3.453637668838192e-05,5.101808019065451e-05,-7.992487425583705e-05,-1.8652926111986887,0.4317135705959952,0.16209336126990137,1.158366829542101,0.3872993838700292,1.3004486383984484,0.3888334181983655,0.7772059506047311,1.9374603078219164,0.4416641139522731
-0.3825682010975276,0.36306344072508984,-0.09007579553204702,0.1030603550810157,-0.01332667437667392,0.018544158503743143,-0.0011904727588941302,0.0021749468684604456,-0.0002767444621991013,0.00031288241201122717,-1.0701654588613747,-1.7564556432635483,0.09312260184242858,0.6848540313529544,0.09127788266777274,1.1368896522059786,0.8218617034091953,0.9330527556333044,1.3250347663155522,0.5852949196000307
0.3584037773706538,0.4151174043267694,0.031147618896940517,0.026643097935024552,0.0018714482820321218,0.001136119843316064,4.418377027688263e-05,-5.3313919148229956e-05,3.789798174642606e-05,-0.00014961360714222608,-0.8517037951347884,-0.40476624479495404,0.11070293783257207,0.5351402429565065,0.18569022871386995,1.7770505687498457,1.0509389332457137,0.9306841116921365,1.5010332172495124,0.4471077710474365
-0.39005174984398866,0.4239747614132755,-0.009575844846451414,0.015322761487158148,0.0005256492461735975,0.00037943761412407835,0.0012765800493313884,-0.0003507981791907028,0.00028865966794296545,-0.0006859890890152365,-1.5593022420037133,0.055940112670373784,0.12767590724956335,0.5235935407807404,0.23515289539780465,1.6221012840881304,0.47228930891445364,0.8643726408107919,1.52416085430003,0.4979556478407698
0.36270288419439295,0.4156007756588828,-0.0027308611395720785,-0.002783729527074747,0.009600086208680674,0.007704268621131127,-0.0004230104933208944,-0.0006826498604350304,-0.00014819307385153372,8.286660184283778e-05,-1.7451488383673481,-0.012746684183632524,0.13751456817419347,0.6867868241721731,0.2623338268929312,1.399873285132868,0.443229942900188,0.8442349136292174,1.5243711910380617,0.48009463949977893
0.3069166366620259,-0.34034184163088715,0.0144416810164371,-0.019966010293232306,0.0005224629773656482,-0.0008499320598179014,-0.00015899589066928696,7.511047633711449e-05,-8.209321073584548e-05,0.00018547860548270826,-1.5532479186983643,0.01050915076625473,0.1586933073131926,1.1323983622555973,0.1579926174917554,1.508241730587718,0.4421163961522819,0.897129079661326,2.003123010299203,0.42431161547858603
0.41389904972978386,-0.3790243118642939,0.003144471493670047,-0.0028097983113326173,-0.0048899805591670524,0.005398991592994669,0.0016769506652613223,-0.0015150967985034917,0.00034032918538074006,4.038471494856115e-05,-1.589052075896718,-0.4005554399457258,0.1341046733602784,0.7709928304241812,0.2006111146699494,1.2378767612118646,0.33206544100122093,0.8557190860882659,1.5444123938616856,0.5036871562454672
-0.37276816298631754,0.3843157598749469,-0.01665437428749755,0.018154299272764723,-0.000529859877972766,0.0006007299410134369,0.00018005284357839105,-0.00014881698237042925,8.849355116558346e-05,-0.0003338072462668451,-1.9842431536977543,0.014593421048285777,0.12525345761213794,0.750883395313542,0.12177474709379352,1.1109385094594926,0.43195405456483105,0.8283134257643858,1.3965029769746364,0.49154852017618045
0.413109389802361,-0.3599721388971937,-0.0422298891005442,0.04253763082564588,-0.0022116104687484703,0.0018639521312436144,-4.624213298312215e-05,3.111046704692846e-05,-3.895407231391262e-05,-0.00010041761628321498,-3.3799464669395913,0.041159380197548494,0.09533504214130671,1.1849882345885743,0.5556498804113569,1.1915429167832203,0.9342479515368886,0.939428393424118,1.5476712604112062,0.5483557785530755
0.4213580589729756,0.3456518373713353,0.09109912602426257,0.07177948416502244,0.011962651747598821,0.009851920748908073,0.000920120309745304,0.0007689191894804431,0.0002368908121986709,0.0001375613490907481,-1.3599852550864773,-0.11383917952071787,0.16127434109877248,1.1166877059830755,0.24230132556497314,1.5056013889555637,0.39317742005377426,0.7421490163826233,2.414817451818469,0.45556422023693366
-0.3518241511444772,-0.39346174668527467,0.018597267841807832,0.02415190680057942,0.00036572337308104987,0.0007040946711964781,-0.00047161375700758104,-0.00014190226066382075,-0.00015824880620353584,-0.0003514069281036553,-1.733767199129076,-0.42881319019057385,0.14822905469753703,1.1440597071761898,0.1407862789342951,1.5393055379880356,0.46785713190830935,0.7996783561873798,2.1806105480915017,0.45010646536529053
0.4159759505066319,0.40971486714292,-0.014643635898809272,-0.014938595921454575,0.0003117334951064891,0.00030613275007335925,0.000620859150243106,0.0006089870535251128,0.00018681749787834075,-0.0008921395123599415,-1.4035494405391218,-0.946650243168998,0.12301194239736155,0.9365998974811554,0.19533986833701772,1.5402699682203294,0.39297812127969683,0.8753436221925078,1.644683566672465,0.5266005350933451
0.3882670858198072,-0.33542907845769904,0.033428422836377016,-0.03099460943702003,0.001926346303894169,-0.0020263564473325226,4.366447806229201e-05,-5.321603722588571e-05,3.7628487158105346e-05,5.561895087352519e-05,-2.0550764927983147,-0.02958885424153353,0.15052791956153827,1.2010356414450507,0.12152981693781437,1.4234798193248126,0.34551315632581997,0.9671727150526382,2.398979253643031,0.46630914807102114
0.40718211190172954,-0.4031596891282138,0.021848465655909106,-0.009294286467361218,0.0007948624659291349,0.000582127983985667,-9.65318010918301e-05,0.0015577308361941857,-6.074238398177043e-05,-0.00044598112734698633,-2.135610215448598,0.48501369985526566,0.1308009222052232,1.0582235066159518,0.4930876079216135,1.2861577151569634,0.42656677320648095,0.7955325873804205,1.920862444761477,0.48862588390748785
-0.3073909815301253,-0.3636209551829482,0.0035607984595234315,0.003249461081513301,-0.0071827030351330635,-0.006838692321339874,0.0006110904859542581,0.0007552279783109909,0.00018503761787034732,-7.95940924476034e-05,-1.1303256950426652,-2.369396679247997,0.12198067098749592,1.0483819012896713,0.08130842052220041,1.4753750334330848,0.6990340554729859,1.075978986794891,1.6969270074349545,0.43491923510781777
0.39018229918533814,-0.43869876061283075,-0.012199280740692492,0.021955284360408917,0.00048341169885338016,0.0006779179652387583,0.00137634785257959,-0.00013929985520976556,0.0003020735822321512,-0.00033483275308550733,-0.8911704681425344,-2.4671950737158106,0.10278104695168724,0.6547235266182209,0.08616732735525767,1.1294078409870927,0.9861131293514261,0.8667185885007711,1.2377705841954187,0.5013527857453263
0.41584058112187966,-0.4443415384948863,0.003944199181632184,-0.002801070094091539,-0.0031767949851749847,0.006725461925152887,0.0034834927737994576,-0.0009231016800937977,0.0005291120495153165,6.318478816638124e-05,-0.7821823229923276,-0.054736897428741486,0.09971870567887549,1.035534588843771,0.6609658261773854,1.6155651591919706,1.0941002149689618,0.8279685192382368,1.4767244329624887,0.5047390258667346
0.33656434836427535,0.392488709867795,-0.003326406910318561,-0.002924659614996347,0.007252298967378172,0.007563228474629527,-0.0006441964299208726,-0.0006743798048419583,-0.0001910252679654675,8.516672422523671e-05,-0.8534335455934176,-2.2153374849197736,0.10195562431039054,0.5279178236986717,0.10256021276590764,1.7065621084752889,0.9781006087954102,1.0453871430982258,1.6009599039987334,0.4597192219353864
-0.3763997694558217,-0.32166776812139475,-0.001749201295363801,-0.0015838549421792463,0.013358619728957232,0.013101719460747759,-0.00032554361167067637,-0.0003793526126936824,-0.0001265231921050072,0.00011704772870805026,-0.7706579196286351,-0.7571983041438872,0.09664216251267968,1.0679802619059673,0.22375987462540903,1.6362150479690092,0.9953064693839359,1.039631677606883,1.649596401234494,0.4726213729854522
0.4008971927327709,-0.43368486928699834,-0.02251936664768431,0.02760453759511715,-0.0006307532239639278,0.0010387401995676324,0.0001687141519859999,-6.793610176884268e-05,8.508638489392612e-05,-0.00018852653418133922,-2.1488142383015942,0.053476587428066304,0.11127985359041137,1.0704690602380904,0.052809987897485436,1.4318895068490283,0.5725359946418974,0.7991915707434785,1.0856496924096304,0.519487765793875
0.3404219590075828,-0.36118183355541295,0.030687907052040296,-0.021361760295408615,0.001948728309303116,-0.0008940622375542154,4.923249020240005e-05,7.210270393105584e-05,4.04557213199127e-05,0.00018278226365448435,-0.9296718036570137,-2.249789328577054,0.11429960643424412,0.9771191628658928,0.08575249717671926,1.7209307170285806,0.8471176384925423,1.0426200074328766,1.7665051019046905,0.43578029842894705
-0.42168433422906576,-0.39051357685919563,-0.03999494876795967,-0.03310134297810493,-0.0024375985414724745,-0.0018755141237985435,-6.121897645868699e-05,-4.153699990797326e-05,-4.614278276025938e-05,7.113865284653474e-05,-2.047529758755699,0.013265992906183124,0.1157762515821461,0.5995055260482,0.16794368986705385,1.8109391992321069,0.40229818457534855,0.9278537524943584,1.5575323059534978,0.5599357496996683
0.29676424244634325,0.3533252416462695,0.025693027773818666,0.035676351746152336,0.0016628960027172156,0.0024794837712700172,4.172569207636286e-05,7.212708017871604e-05,3.6610897350881566e-05,-4.424568023962327e-05,-1.2076085906335516,0.07368544486745092,0.1479656660212576,1.275626272971154,0.16211133779425757,1.7554451379592901,0.6964919203935434,0.8880613465990311,1.988088427506328,0.41245345786074844
-0.392197186429374,-0.3904662195897109,-0.02091110772687097,-0.019574179877929813,-0.0007680688262181374,-0.0006800952036394915,9.945105944420846e-05,0.0001219343248629908,6.184465492521787e-05,0.00028574147611000765,-1.064166768681857,-3.924552761116876,0.10749407688932744,0.8529961995201307,0.06076541097999871,0.8542755839795193,0.5634580541670411,0.9588627802497758,1.3960771029962822,0.5116965885548055
0.417271785926603,-0.4085141691928243,0.016945958259870202,-0.015881342701988484,0.0004708586247766558,-0.0004274176462609311,-0.00023993767683927765,0.0002784005282764093,-0.00010524053177002862,0.0005630775184513617,-1.677814320502822,0.1323922384003854,0.13761043555540128,0.7902396894126247,0.3151852328789872,1.6060089622889464,0.33973839431075026,0.8293635268356357,1.637407929658218,0.500658558215365
-0.421985641534119,0.4418476011807879,-0.04282656069314542,0.04064155754447891,-0.0027791808281143002,0.002361298969148593,-7.649907043229032e-05,5.596087115317556e-05,-5.278577018104123e-05,-5.8128532855737564e-05,-1.6334259279611318,-2.3944349578864164,0.11385090788226503,0.6505143599168772,0.07286309130619398,1.714459791472405,0.4243675419656421,0.7675655587484382,1.1442742493529352,0.5636138431566599
0.416044984951983,-0.3600949533707551,0.09117585090175737,-0.0753198974851778,0.012188214728041834,-0.010233107435719476,0.0009591075961129206,-0.0007950529442771185,0.00024289983555911575,-0.00013954685268737578,-1.260829828337407,-0.046221401409299395,0.1542500235850844,1.1487320809763286,0.26902220279896283,1.1233390983216305,0.40827930269830087,0.722886935105617,2.4501429709403117,0.45199807097730527
-0.39086145865397165,-0.4308096825226426,-0.013481553926215448,-0.023284625588750118,-0.00033055011910744465,-0.0008332266705950092,0.00041700204215511965,9.300255934802962e-05,0.00014691887497433808,0.0002368161572411209,-1.571361100368699,-0.7771497684783465,0.1250103040009925,0.5506605180307439,0.14138231067250415,1.509171881953533,0.5027957903735845,0.8454982270474268,1.3588082131713033,0.5034483204212734
0.3690129723020045,0.37812752038976866,0.02526004725569886,0.02577610334649563,0.0012006929399200963,0.001208237284098281,-4.435442512915485e-05,-4.470840682180926e-05,-3.798627122005928e-05,-0.0001261811462755384,-1.965288388608592,0.023866720159447043,0.1478568655672252,1.0840018872404098,0.25389126397001904,0.833429610816821,0.3969128871821884,0.7496809677089232,1.8683265672381486,0.4579093028542522
-0.375853103180257,0.4171479569194951,0.03481362695200999,-0.027756041458990795,0.0013414488728751815,-0.0009963360693359157,-4.901785370355101e-05,7.513009224400011e-05,-4.034916566320918e-05,0.0002068897122572307,-1.1469921680050286,-0.18728682328722038,0.1322878257848358,0.659078861441207,0.18841232023031523,1.51232819773321,0.6758090074230537,0.8274419861536687,1.510153083118106,0.45439907909041183
0.2994112290578282,0.33393913163350974,0.01829394732150862,0.022863553945290455,0.0008527431130591193,0.0011327230826879398,-6.77326274641766e-05,-4.5388625155516336e-05,-4.904674419694032e-05,-0.00012294204358757438,-1.504644361577167,-0.35395848329649504,0.1616749812198297,1.2464395483346862,0.13984721111156415,1.5673818631182772,0.4645515594211228,0.8901242702722901,2.068988924789468,0.4177662528938561
-0.4289699933154326,-0.4001261690385455,0.035227322086686726,0.022114823208477914,0.001639218154541873,0.000607480397823702,-3.1496510086497303e-05,-0.00018013513546051032,-3.0894605260541874e-05,-0.00042360290709334285,-1.9143536897296252,-0.024170034672595667,0.13854502983717218,0.9891963037483292,1.0751449092467043,1.4347332633248062,0.3691986746601609,0.7697846281270064,1.826281989030437,0.4935556798383571
-0.34786375869425734,0.4109329411329183,-0.01953880130059119,0.020810335294340638,-0.0007915614097784385,0.0007146794481928218,8.621317584524407e-05,-0.00011651056011181226,5.673560360187234e-05,-0.0002798220448200303,-0.9866597059910454,-5.407197682200723,0.10681666104210788,1.0975314894323547,0.043019319413905535,1.4790141036103546,0.9224616031023357,0.9297433413083775,1.428209874422212,0.4747219822311097
-0.4389699133357032,0.44062773133893884,-0.027365611691626126,0.03976605047178475,-0.0011098281150590842,0.002272478480146783,5.789934098313424e-05,5.2533918719843155e-05,4.461577977094013e-05,-6.110956050074324e-05,-1.066518309327586,-0.03519867270238258,0.106560329190163,0.3259238494213495,0.6356675684157134,1.7233919818518306,0.6188613204025786,0.8200125383263586,1.1879812129889236,0.5632140547697823
0.3970942182954516,0.378830216911237,-0.01154901672752118,-0.02519370757437308,0.0005248187359044074,-0.0007259912570294482,0.0015620731046646834,0.00013864159863666902,0.0003260588877531888,0.00034893003837173353,-1.9363492620502478,-1.5914261179471463,0.1258138243734614,1.1857801060788358,0.0600870544632637,1.2144466311389728,0.3834470180533971,0.8524172909726347,1.492384511061331,0.5065508491122812
-0.4099541726103658,0.41562998922838135,-0.012466050673920233,0.018390622149862097,0.000337693955180951,0.0005543791372890684,0.0006240581228549639,-0.000181136191190921,0.00018739794316319631,-0.00040053119894890735,-1.7167453474339924,0.19042147995658137,0.12594853556086763,0.5020749335138947,0.2866500841380833,1.286550786590106,0.3941457004234097,0.8145261335782317,1.354431665618713,0.5183774063126766
-0.3768765732805342,-0.4396794639147158,0.03677754686277379,0.040477338452467614,0.001496883621611858,0.002215858314506275,-4.058408371287811e-05,4.865339307188072e-05,-3.6002941878349605e-05,-6.589194856954089e-05,-2.1099315258714593,-0.01033713497025989,0.12913214128252895,0.995826581740232,0.1372229322095133,1.7248967409626283,0.6179456962648296,0.843993836781769,1.8424116727656272,0.4536373069009779
-0.4149110011424921,0.40054290279121996,0.016605599627899693,-0.012030400243903306,0.00036678877683581817,0.000479416042566619,-0.0004137899325620286,0.0013301616702814049,-0.00014623470566630279,-0.0004724278490029824,-0.6831016422172769,-1.6654505471238346,0.09474538506715852,1.0440910279639277,0.14198368834898858,1.502134483825076,1.1808884925571692,1.0073760275743715,1.5589769413072518,0.4987519873459094
-0.3805631847053927,0.34218406386659767,-0.001738038482021133,0.0016906990946893435,0.013726243431178802,-0.01255064157294223,-0.0003082354809983881,0.00038935028524140434,-0.00012241880775318138,-0.00011681954583289828,-1.0718363440757528,-1.852821933101315,0.11035447936453008,0.6357487295767629,0.09196049279326761,1.372704302275498,0.5639467435508498,0.9525576918282397,1.6599340365426676,0.4754400612530801
-0.41396420874791806,0.35981317693238374,-0.015091246695709807,0.023346159437862543,-0.0003804679869329377,0.0010668060650345667,0.00034287302318741807,-5.3213959124639696e-05,0.00013054682927355807,-0.00014297131735174502,-2.2621692658682377,0.047466140274461346,0.12072233453861377,0.7191012980488886,0.4606949044544428,1.0988678600203627,0.39940162632301035,0.92707437353158,1.504866116396075,0.525359546229081
0.31922288711301355,-0.34201538728325087,0.03673382084177538,-0.02454617756100264,0.0030067830331351048,-0.0012581530575908582,0.00010823375691492309,3.8652902175293254e-05,6.508598495536859e-05,0.00010882728159241499,-1.2768107826745922,0.210711287252306,0.15198979970596813,1.178888420916987,0.1773599796293318,1.4381857839302614,0.6277820192089366,0.9174634342658113,1.8272612699103756,0.4197993611264307
-0.4079681314234892,-0.432195619905247,-0.011490296830388588,-0.02527353524846636,0.0003926882532362581,-0.0009719235060877096,0.0008039318461038729,7.17242692166819e-05,0.0002183535858989181,0.00019232286770699632,-1.1306301856231415,-0.5190174730855935,0.11327675100022751,0.46975044916411296,0.2209422569584223,1.8144120948176592,0.650714807357698,0.8744879005624873,1.463401647677196,0.5155024071043521
0.4178151131145805,-0.4125490196111756,0.00324015390699037,-0.00335340145337527,-0.004673728838217921,0.004299789643275047,0.0017982800641618145,-0.002092884114155241,0.00035498619567655905,3.195926654536609e-05,-0.9508593864056942,-2.331180874936559,0.10620842882699398,0.7482522120051671,0.09128230830882797,0.8390948121362272,0.6737272257046413,0.8580966412981671,1.2881457998560175,0.5070313368137636
0.4089884334034787,-0.43923574303672214,-0.03438051086318985,0.028295515147073326,-0.001466858173285886,0.0011083207464951204,3.946822736349712e-05,-6.0245652792279274e-05,3.540211382206512e-05,-0.00017048423472042646,-0.7981357923391088,0.034445592114420824,0.09586325896682216,0.41452562568038154,0.8410567706668777,1.632927454573219,1.0135454857535213,0.8538353435463335,1.0291121994017682,0.5373304419183113
0.4344130060326853,0.4309490429362604,-0.027150144997966308,-0.04366309160664216,-0.0010082437167223237,-0.0024967576816596615,7.138170562196457e-05,-5.871551683154881e-05,5.062514115813108e-05,5.699020466019582e-05,-0.9750893068725487,0.010926323132833437,0.10324219373146773,0.3929639342707856,0.8908418594389823,1.7377025468459142,0.7361613570616057,0.8225711210307646,1.1129400087914298,0.5558852464391287
-0.4081507427610887,-0.4293456879590602,-0.0074845877641807924,0.004331022682120634,0.000899132342829339,-0.003140688146606088,0.003297221286996041,0.0032265607267522515,0.0005118479708445238,3.82910967727378e-05,-1.4690586989488454,0.02472296780776107,0.1311213055958268,0.8161966875995175,0.35706648428188814,1.7955365430976642,0.3930041060040069,0.8295606308780261,1.804870703538467,0.5092748533001115
0.4462402798827162,0.3787830081972943,0.028797551799055295,0.018181674099129682,0.0011979653958244369,0.0006143372579058494,-5.1474166069474994e-05,-0.0001416703299964881,-4.1557805263830743e-05,-0.0003194182877096163,-0.7518552756500686,-7.758268645862017,0.09804544595855844,1.0510929667576119,0.03259546609006257,1.3832551661541228,1.0672961376808257,1.0472052636412343,1.6612095667985336,0.5159193694024643
0.3999229501443911,-0.44482743498706323,-0.04605782553002415,0.048208376532330934,-0.002503499251428458,0.003154517774325423,-5.571699714753346e-05,8.958402094154951e-05,-4.359296513848495e-05,-4.017019013327935e-05,-1.0880644694455235,0.28142134885627007,0.10083315430001409,0.7645009011983848,0.1624001896127717,1.650078599929836,0.7236772259368364,0.8037229595690023,1.068098335507871,0.5388555863006055
-0.3955939729100325,0.43050230861066285,-0.0020977168260055416,0.002206248296131357,0.010055599049086377,-0.010220181168443775,-0.0005084253288348985,0.00046365576366880364,-0.00016559349461383476,-0.00010891373629336569,-0.849199070828078,0.4573146322907994,0.10134838897482781,0.5562412242408602,1.0714235749556142,1.6355876443389423,0.9887662341487562,0.8369312654442472,1.2128159251918023,0.49044459400804963
-0.4105334745443433,-0.4077960127404797,-0.04965045640209892,-0.05024338885361432,-0.003836868345754379,-0.003961306392829371,-0.00013530942987488817,-0.00014360001308913136,-7.447635479233059e-05,-3.387998189848839e-05,-0.8847408013373137,-6.807007199869197,0.09644031797804885,0.7364550019463356,0.035659144327057093,0.2717348649174201,0.8083072986421251,0.8853989618828244,1.105293419197604,0.5599423775301531
-0.4268341041366257,-0.41583582136572367,-0.01563284630518728,-0.017156724308734213,-0.00039085927802122607,-0.00048447305694079184,0.00033523318577462354,0.00022796683065316373,0.0001287831494460952,0.00048203494764915836,-1.9067073248649267,0.07225912766761797,0.12256930831684,0.5955157400063993,0.3308475756654371,0.6588261861276257,0.37707312745208815,0.8004089650126591,1.331377427612668,0.5380140974774469
-0.42357241634153436,-0.4217275764620288,0.015076388979133423,0.021352080757066554,0.0003129306789378406,0.0006092340368384992,-0.000533828400824298,-0.00017220371171079753,-0.0001705394186586838,-0.0004019832969887662,-2.0709217407324503,-0.026009417526101402,0.1281199064748949,1.0551221616411244,0.4034355869034673,1.21464946584091,0.4114176416800286,0.8264052501794638,1.9778996540079439,0.5075175740398338
-0.44360473054309574,-0.4009261983518599,-0.10587653712366231,-0.11416294955615543,-0.014923641884593598,-0.01977497280645384,-0.0012893940333129456,-0.0022496304410809585,-0.0002904052102445194,-0.0003118556352101928,-1.2999878278151233,-0.2523091412943859,0.09628781067676033,0.9151699954429888,0.10337754572596529,1.3005016627121067,0.45573873004552645,0.7936151233463086,1.2693824835826866,0.6912198857487651
-0.40351636251874506,-0.43871986864651824,-0.04689034130000776,-0.05494049343934287,-0.003516167241755913,-0.004267085985446655,-0.00011816155219638948,-0.0001541470237311147,-6.862680915851245e-05,-3.50727109042931e-05,-1.309921638087625,-2.0250209597704,0.10908006321746024,0.4679323676374251,0.08284728402456122,0.9259028514960383,0.5473837945862985,0.8247390870014314,1.1773794435119873,0.5495609240534992
-0.3931922810904056,0.44640284589439577,-0.021844291652956874,0.02673109164355353,-0.0008327948221256863,0.0010370019530859152,8.681629783361448e-05,-6.583280764896094e-05,5.69748555892724e-05,-0.00018129463703876275,-0.888707658814373,-0.9788062789418913,0.10122885547557338,0.2572559577580959,0.16890894112205088,1.1744764625923105,0.9753297051948179,0.8598856194697176,1.2459020109390404,0.5134573547781683
0.39726883026058624,-0.412943443796485,-0.018713375663065027,0.021195655516291212,-0.0004357910990389897,0.0005838906716456022,0.00031891196985256345,-0.0001881250699377312,0.00012496106071409379,-0.0004344341937084869,-2.605218898011973,-0.05301189669991996,0.10654827944044666,1.2376888905901664,0.04936821738159812,1.0363977939131561,0.6599810976062663,0.798263766316636,1.2864466485183466,0.5129658536598247
-0.3356028197134877,0.4061436705459753,0.0036587221566954592,-0.003306114281305007,-0.006057362379198289,0.005700661617759982,0.0008734728470901896,-0.0011203744899707714,0.00022956682629141051,5.601137451151132e-05,-0.9422922031205309,-1.5116767240528135,0.11018124457754824,0.754918321976808,0.11374055920523683,1.337920551363472,0.9741609169960592,0.9663559977584589,1.5465546485387647,0.4524193715822685
0.42632067843383503,-0.4406822631954888,-0.04179524394991629,0.028111962061785158,-0.0022615459136029873,0.001099325055105059,-4.92022799948159e-05,-6.0934674506625944e-05,-4.0440734702178e-05,-0.00017187815878329742,-0.7188950977370957,-0.2998090149128165,0.09306289484632022,0.7321507142295606,0.4705353682999608,1.611890671246363,1.1600207672403886,0.8740707810596705,1.1525221414860578,0.561412643469664
-0.4396819648406227,0.41103386034218253,-0.030233975486756038,0.044782544434959576,-0.0013424885104491532,0.0031384932046360555,4.192089328961296e-05,9.600811025252084e-05,3.6714186884119556e-05,-3.681941253747976e-05,-1.5503156372589857,-0.13237320522720322,0.11989998500967956,0.4576157406812399,0.4350577206821481,1.6620626730916885,0.37529457656892395,0.8204559563408709,1.2727145970836524,0.5673005616251302
0.35459801678686464,0.425785630396067,-0.03044567733335815,-0.030738187739155043,-0.0009575384367922829,-0.001247267098502997,9.099723669206502e-05,5.045057988439494e-05,5.861563784084769e-05,0.00014921454704035976,-0.9912144391367274,-1.5907328412232438,0.10438186056758912,0.40684918781794,0.10738663914562814,1.5710485507280822,0.9728716428637937,0.8894155855381972,1.2226892450830624,0.4869074189096736
0.359955196128349,-0.42064444182170185,0.023350525041829193,-0.022808881705262435,0.0010666254985123038,-0.000826774159012654,-5.32453334051836e-05,9.254067927096782e-05,-4.2415172460517295e-05,0.00023414605817885598,-1.1679729363549674,0.022311927518652373,0.13094675999498842,0.6171225874855009,0.19999197409299108,1.6863624211215829,0.6476056031937799,0.824229649670998,1.3561337086184861,0.45287913876400054
0.36887205420271274,0.361635566022717,-0.02435552861448093,-0.02735402934161563,-0.0006561537109743526,-0.000799500154926656,0.00016808794935168665,0.00012188294527972073,8.489561392078557e-05,0.0003190814908124235,-2.845269706094748,0.013707644686416212,0.10540581178703688,1.2246353253947786,0.07856750962104062,0.4371765161214388,0.67712916291249,0.8709242222798836,1.5299989502749811,0.49366795827277093
-0.3755612922948852,-0.42826642234984913,-0.010077702574217818,-0.009929718507783214,0.0004526446549826,0.0005556671015351948,0.0009613852681685244,0.0015069543834725272,0.0002432478648593202,-0.0004496180887343306,-0.8181224144415266,-3.9304909790500138,0.10014193744498229,0.9039524283982311,0.05955721133710562,0.5935794042050349,1.1966035722156372,0.8760119995723967,1.5191719901210547,0.486998532865772
0.430746638272643,0.39589912458067933,0.028000393266441836,0.02841698026401489,0.0011899425684015784,0.0013713593079161751,-5.068153825522487e-05,-3.731923127123772e-05,-4.1170338502457334e-05,-0.00011065585386890251,-1.8450426386954102,0.062294300868821144,0.1395029825375952,0.8874070505462816,0.31466734967633186,1.3858685486655786,0.3262352506762696,0.8787185494249504,1.8764030777597231,0.5031985269189543
-0.35878687589608954,0.3679324244120943,-0.02873828221857491,0.02889816002451427,-0.001599677682518354,0.0015631258377516628,-3.379415555498037e-05,3.1871511573445843e-05,-3.2235994403892026e-05,-8.644603132561576e-05,-2.320840191313475,-1.1125006245722204,0.11422137148522152,1.0569605592308418,0.055885160429967995,0.42063500414658217,0.5208467673330142,0.8752471440124586,1.5060548579641664,0.49115179075570026
-0.030373813605113008,0.015598621822440456,-0.17918349443077386,0.171282506390836,0.0016510461130572588,-0.0007355668705189653,-0.00023462027046591133,0.0015461846233610571,-0.00010382644344189061,-0.0001544974547508723,-3.5007536243180035,0.010900921920390994,0.08499260560476005,1.0413981181668812,0.1840134577454969,1.7616112307405336,0.23620432557850707,1.5322631840040877,2.6488156793957636,0.37890495115410355
0.33136970921260356,0.3333188630709129,0.020907555324656536,0.023253725009962322,0.0009629953604405972,0.0011732774379497521,-5.949279557526783e-05,-4.268848730454002e-05,-4.535296777979477e-05,-0.00011695388850084259,-1.6751821610695936,0.2551363035761015,0.1616084123599208,1.0858853159552326,0.21657286414668162,1.6357209919949793,0.3579619093882819,0.919172097178541,2.125670787465485,0.43562650422454746
0.332228141549797,-0.372172537293599,0.042037828166013855,-0.03948937152095685,0.003697530396583009,-0.0028131513607600246,0.0001493126275498737,-8.595445030234887e-05,7.903776210402913e-05,3.903881087914662e-05,-1.2968336824016624,-0.18728879831159764,0.15391436445138296,1.2516697132219419,0.16451132455095677,1.238260111639045,0.5829783219037914,0.7821056241052111,1.7410759105053484,0.42477195819583413
-0.4348197296995537,-0.4294341617865063,-0.014748436748146198,-0.021655512105441966,-0.0003406888438131628,-0.0007274381957173998,0.0004296436405819501,0.00011691482915487314,0.00014959144795847424,0.0002844233587218431,-1.3580948477625845,-2.886410748294251,0.11985252685147592,0.7476088309936249,0.0743439086613158,1.7306237270778038,0.40314127909910313,0.8065685168228166,1.2323642247279698,0.5447905153543533
0.42289512255240524,-0.43530650168466406,-0.016075401929997457,0.02828669012329902,-0.00035344790237473554,0.0010943569931324755,0.00043438003663819595,-6.198436619564108e-05,0.00015058472476713706,-0.0001749151527530499,-1.656356858070837,-0.022749811619489815,0.12211871911619933,0.5264613736145404,0.24469274040180802,1.1462335086528357,0.4262065177040208,0.7727974053767211,1.152616937390158,0.533941520048833
-0.3596228537480463,-0.3689158145891115,-0.010080739965148695,-0.0180637194502202,0.00042676928890093873,-0.0006285706528958113,0.0008413666113106892,0.0001335333564731139,0.00022443555168663202,0.0003021095046309911,-1.8622533238776695,0.037591473844538474,0.13197505258998465,0.6234249174306844,0.20079944360166058,1.763962969244407,0.43181445229228205,0.9277633785849436,1.6276039458548182,0.4748420921709633
0.432448459180187,0.41181480259506437,0.03212853613085359,0.028406614042655754,0.0015437166978534776,0.0012996911673176326,-3.263026928036348e-05,-4.214031763229273e-05,-3.1561184542334015e-05,-0.00012350873211682445,-0.6981014211993526,-0.10521614187732829,0.09638693057524755,0.4999001843569511,0.803806205545878,1.7064459473589788,0.9487459576012847,0.9661437975532987,1.3657471468019118,0.5014521388278348
-0.3681449188361695,-0.38973441880775017,-0.011284110669286624,-0.01800401981642592,0.0003542289037377462,-0.0005801438385981825,0.0006236479773914613,0.00015961919752399784,0.00018732358935432387,0.00035469585856592206,-1.1936401751434504,-3.705042767710364,0.11667980168900224,0.9841069289765608,0.05955038031007913,1.2350728104209137,0.5970247039028724,0.9246956817342711,1.5319895222242659,0.48251977930503087
-0.3531347782607418,-0.372371650673008,0.025001566133475456,0.03446184527618105,0.0006508999012210771,0.001299046042918272,-0.00017616971528823581,-5.2143167076393775e-05,-8.733655097517821e-05,-0.00015966894694727454,-1.4461083466552498,-0.39976546533544927,0.15026146476317248,1.267066325664398,0.17884980664372074,1.3290988798717154,0.4647672866186505,0.8393746108569289,2.105332205144644,0.4462597753236402
0.3867099163185102,-0.40710688312178145,0.017203479134312034,-0.019910050710632766,0.00053695263087707,-0.0006644764064012797,-0.00018102205152864426,0.00013096088156907187,-8.878078470615311e-05,0.00030654986914956523,-2.4613737967327856,-0.19022918720051077,0.12134403482270989,1.2354018530864859,0.04868830203633748,0.8513984754692332,0.553622592699521,0.7262973762268081,1.7072594727322168,0.47619509057466497
-0.37908995809144636,-0.4060480515812297,-0.015022427938947302,-0.014600733579946186,-0.0004244744281603612,-0.00036633165425836023,0.00026607855604807753,0.0003603648650170223,0.00011201928621290156,0.0006917683365812624,-1.93152111437625,-0.20269705737597837,0.12443224122121598,0.8515540728282802,0.10676426629906915,1.245325331714433,0.4630077729067622,0.8327024873719857,1.4979428746918892,0.495179234242182
-0.3552334754002507,-0.3089552162467972,-0.034932963323223876,-0.04053476846994629,-0.0023635065870542707,-0.0037998329133410317,-6.62031600472153e-05,-0.00016532971322872448,-4.8375189660302495e-05,-4.1324815461236825e-05,-0.9753564290014003,-7.557408958013504,0.1004840401904782,0.862092449282492,0.037626925383485284,1.6150219993725647,0.9309509480399882,1.1779632737431385,1.5768182273581812,0.4939446694511659
-0.28668454642467117,-0.3201864051292503,-0.011576000697903762,-0.017596827579369343,-0.00037355194812595916,-0.0007228986517700685,0.0002672737499989304,9.445381512940309e-05,0.0001123227481826951,0.00021890191981772844,-1.6426505044718653,-0.7933249601806429,0.14026091160287968,0.8469647393791667,0.10245729787839897,1.7849094101238279,0.5391525292370661,1.0105425869435383,1.784271872905208,0.427505414854482
0.4199104869577594,0.44587937825521917,0.009340953024441042,-0.0032340292101346374,-0.0006089457184854554,0.005247267883338149,-0.0017349929672477117,-0.0013854698907918473,-0.0003473915556344466,4.587707835012953e-05,-1.112534450015108,-3.6793517648346574,0.11756951698711232,1.2229928523010436,0.056953283088039146,1.8039345779595448,0.6322446091100893,0.905952678918326,1.7641337909530606,0.5095018176540151
0.41350173193183243,0.3834213216874922,0.0021476988751986475,0.002361102285266695,-0.010197644966787255,-0.007673000786344254,0.00047993238032447387,0.0008253076534835631,0.0001599278650703671,-6.608314770649466e-05,-0.6980619123217758,-0.016960766041878836,0.0945113814736812,0.5543914882443969,1.000214959736644,1.2771066113054117,1.1666898082476775,0.9185467182768793,1.4085344669685982,0.5005943971594577
0.3918281601793458,0.3515599567116223,0.002574019150813749,0.0023141965339473136,-0.006686690046020265,-0.007098367559171703,0.0010261326748733756,0.0010068038082529712,0.00025300863685852,-5.483289291990967e-05,-1.9854281616161888,-0.06584938786115067,0.13599627664716082,0.848052970593827,0.19263797622123582,1.0803984279290473,0.3722020848468301,0.8525946001279313,1.658536074075401,0.48517754596239354
-0.43274219826585714,0.37958624705348365,-0.0295842959992518,0.037486246017000166,-0.0013151575090476265,0.0024775359991657934,4.2891685583258946e-05,6.81961265475715e-05,3.722507069488307e-05,-4.731729319052421e-05,-1.487588118545356,-2.7159951904283486,0.12125353357799715,0.7767409644606559,0.09083827871977256,1.469890227942534,0.34401201341474424,0.9299210075574024,1.3204740532058692,0.5592440132159396
0.388472791763304,0.38336742684526265,0.08308381084098128,0.0791023374121105,0.011168988086583781,0.010340677670724293,0.0008709491094635469,0.0007715754008542862,0.00022916621625833274,0.0001336262018267545,-1.179799325535173,-0.013106649828533384,0.1499499848526244,1.1195589678861946,0.22590771801326237,1.689877433256779,0.4875566586251787,0.6961067270939165,2.6258144277596087,0.4385046391945211
-0.411182973970084,-0.39550312058595394,0.020111097738932156,0.02394869794062638,0.0005245485018536156,0.0006975333449571349,-0.00022653783715366588,-0.00014361505560727474,-0.00010165245749962942,-0.0003542533564444987,-0.6723649394397122,-0.30170549919665424,0.09486661029678384,0.5924880558243049,0.5437371915203094,1.7845914251881065,1.1503416410739944,1.0373953664312485,1.7485434346822435,0.4925101664388469
0.43711117209755396,-0.44667222253195743,-0.010561565861947054,0.008931697697774793,0.0005481891410837707,-0.0007360035604305263,0.0015635491035293398,-0.002540204594519773,0.000326244825840125,0.0002902292033482541,-0.9519957744733746,-0.4532459255371198,0.10447185772781378,0.6710483295250569,0.31678981166370346,1.6282213293988603,0.6790765960927126,0.835747989860323,1.4714088339423115,0.5422958396990954
-0.4242218900665024,0.3836543912871534,-0.10670259892895179,0.12449201500945906,-0.016086813064767752,0.024800583208537473,-0.001516029888321421,0.003421442395882617,-0.0003202231718034492,0.00044298084880158283,-0.9181766173310806,-4.083796598503155,0.09081306350996778,0.841617822121734,0.04609574497370599,1.5918789368710429,1.0292226869582886,0.8892619171388177,1.4106219100079531,0.6649637021916756
-0.39051324643748175,-0.4430488784006978,-0.08493981256810207,-0.1091386503083182,-0.011574054878473216,-0.01585102462587135,-0.0009217404599559163,-0.0014301973992637584,-0.0002371425082325683,-0.00021004279277208113,-1.8899271118604737,-0.07222736558735178,0.09236212448175186,1.226222415700622,0.069209104112063,1.7494747514712172,0.8400560989981952,0.9484534322802418,1.3810157194801596,0.586150433858672
-0.37455825995881475,0.4262299205172435,-0.04113865066263912,0.03558018509599396,-0.003018423840151125,0.001916929641303734,-9.643791690591679e-05,4.0326529650629744e-05,-6.070671698388651e-05,-7.483652992214959e-05,-1.1226508397478114,-2.348748283310849,0.1073230737885406,0.6599080696034264,0.08390368015830418,1.3932241028292982,0.6837397022968137,0.8446330169397674,1.1569214149331974,0.5162378121983626
0.36269474563293763,0.3803279943755052,0.040132172778386925,0.03915204921575192,0.0030046358017537457,0.0026874852164354883,9.806787657245509e-05,7.821341851365275e-05,6.13240065152796e-05,-4.2400902031066236e-05,-1.5289021982003734,-0.4221711351939763,0.1572306403032301,1.1170686376340127,0.19331065903090644,1.445628044384736,0.40859479224268125,0.7515141600153783,1.8445983216532713,0.4447334726946384
-0.31021095161371187,0.3631386103677261,0.031124378931705193,-0.03393109734063891,0.0008348171290525825,-0.0012188561105862233,-0.0001272906744328947,5.924469854331156e-05,-7.177997220794877e-05,0.00017831936372587488,-0.9635843974130713,-0.2981422692766996,0.12557146854941484,0.8934963528017883,0.1251150213155318,0.8075925397222097,1.0373455213483662,0.9405708784124741,1.6139502032424768,0.4157720788728753
-0.29945380581070585,-0.3744667791395825,-0.013506147711513553,-0.01965777957404405,-0.00047451780386386185,-0.0007253774632750231,0.00018383527253464563,0.00010582320759801601,8.961107552428829e-05,0.0002516867431098078,-1.0901285647956742,-2.1666978135960044,0.11629218273975547,0.8537718796764953,0.07585977154818956,1.196458534715699,0.9982532825754875,1.0515779487056767,1.762493238378743,0.43678359981013226
0.4375625251563472,0.419392404912885,-0.04899004799277397,-0.047888401600537804,-0.0031828172453920384,-0.0028772747025679122,-8.982147707496018e-05,-7.322720529232751e-05,-5.8157295275487437e-05,4.81089113772401e-05,-1.0853301341549744,-0.9978499244260789,0.10164569353172638,0.5649464598305525,0.1090163924306781,1.4111246400931428,0.5010043087235616,0.857196623067606,1.1584605585436103,0.5804495164355785
-0.4229715525317288,0.41395887975111095,-0.09321355413650463,0.12077258758828945,-0.012440578977658417,0.021117803277090893,-0.0009807433674852517,0.0024553231469472063,-0.00024619271218053205,0.0003313366808951155,-0.9746329806489586,-0.01574471146868097,0.09380808468303674,0.8140602759222164,0.3940924384617538,1.739944934687818,1.0073139688373791,0.9225699488588289,1.4457291968992059,0.6380977835100867
-0.4337059205943267,-0.4495681493808821,-0.023928091787520978,-0.04960352670433754,-0.0008703926664818668,-0.0033897581289886454,8.678317065734036e-05,-0.00010223072384922199,5.6961731529956604e-05,3.598123436493833e-05,-0.8374787252262191,-0.2504923600008529,0.09893432446052641,0.6232548493679463,0.5236125629682424,1.7542309651545183,1.1970856630102893,0.9036243387801903,1.5000135943607624,0.553874096517702
-0.3564518403057813,0.3323079672539008,-0.03950891664385277,0.0536554015958057,-0.0029839981039454845,0.0059214020824430265,-9.821594552579905e-05,0.00033292709430699283,-6.137988013650857e-05,7.098441314033241e-05,-0.9474415351841193,-6.45950814432828,0.09880396528414588,1.0652976681755335,0.0429078168261517,1.3688378170695468,1.0784041737676786,1.0625765824894098,1.6241092927262477,0.49925473822112987
-0.4203225114563795,-0.42425142999334775,-0.0032938896819877535,-0.009441249892049579,0.004564157274011483,0.0006048171610472054,-0.0018639009530637429,0.001728517123874544,-0.0003627498385131112,-0.0004037874829040811,-0.9581166531925758,-1.6816473105480245,0.10679782374872142,1.1696251544237923,0.1403682906049651,1.7727369605732566,0.7651213414810041,0.8873202712376825,1.6584464451271663,0.5183844121628169
0.3926138519463754,-0.4191137507047003,-0.003947164116488342,0.0034355957085408905,0.004237042300601921,-0.00507407773086767,-0.0018097491156568706,0.0013992951442686101,-0.00035635110223159567,-4.638530469635513e-05,-0.7803462595331088,-1.5984022015536388,0.0973942697458389,0.5593191916266568,0.13987009026165756,1.5861335808946262,0.9113266749498824,0.973733886376286,1.4245626150438673,0.5017264478002295
-0.3416638109681466,-0.38582252679095,-0.02479956870040988,-0.026028278409763003,-0.001285130779477256,-0.001198281661887829,3.725186296469938e-05,4.604530511664695e-05,3.418836821869215e-05,0.00013001090964107228,-0.8149468879165095,-8.660653049209035,0.09725605545099196,1.182089195284072,0.030606824216868733,0.32658656171458617,1.243342465865827,0.970560732101516,1.371483579774823,0.4744411215688204
0.402045989924506,0.360382817425289,0.002992425929233844,0.0025965721502063848,-0.005175058751008722,-0.005875794220722769,0.001556808924552608,0.0013631777854284355,0.0003253951679224772,-4.3293615332294775e-05,-1.7036619942106308,-0.011653963483775244,0.13770471157564135,0.8088696159653165,0.22928246679573755,1.812772392113693,0.3310994457900456,0.8856041693396643,1.6697186382090337,0.4938403491482834
-0.29232205881101336,0.3578337956689031,0.003371176432626072,-0.003263985855386849,-0.008541262878055886,0.006927820220837196,0.0004378325300178619,-0.0007297657647314574,0.00015130604936957283,8.222577185520548e-05,-1.3836719144798897,-1.0385154837938493,0.14339992475910535,1.1514354573968715,0.11014507268105465,1.4845418407815925,0.5994039397970258,1.0216340670139339,1.8558463180158207,0.42668366221017956
-0.40636381945425,0.4387047100822134,-0.03129343992361056,0.0268009671536646,-0.0015951162709912526,0.0010668963606338651,-3.058202366214969e-05,-6.189500733385121e-05,-3.034998665422575e-05,-0.0001715956617953358,-1.6945498186498842,-0.014983113674365889,0.1179799329388123,0.6107370837520675,0.11958009050980185,1.816735555027822,0.4447620245127147,0.7718063158523637,1.216853250356478,0.5350581779416216
-0.44187644116027075,-0.43451304988170847,0.024074843970392796,-0.003354092665885397,0.0008178693813193343,0.004608398828773405,-0.00010063156435700285,-0.0017876574422311892,-6.228674649556651e-05,3.686495587834448e-05,-0.7420504826512512,-0.2611253101923884,0.09964077717864306,1.0574017176268375,0.45518858701060216,1.756803409569221,1.1913290704789665,0.9164357338288582,1.495037553593346,0.5147092283206832
0.36685624448258947,-0.41071346423396415,0.015258421909057799,-0.022928811112190462,0.00045716306665865485,-0.0008624430674143163,-0.00022869790778868305,8.456139377448956e-05,-0.00010223643509265056,0.00021616379005442893,-1.2170641037983159,-1.6371664867237345,0.1295849789586816,1.0306570033746565,0.09859857743612624,1.2077519648702313,0.5239518397473928,0.8634067721102481,1.5198989467200514,0.4630035997512755
0.4109379742305651,-0.44132364279504477,-0.016185583344798003,0.018239520986626914,-0.0003445985093811961,0.00047769395281832983,0.0004635860594275259,-0.00025171631873176844,0.0001566173018604068,-0.0005380762027900289,-0.8669318496574501,-3.765860142378294,0.10030855595387418,0.6652824114766238,0.060569554537111374,0.6095212334229227,0.876625189726335,0.8558845712781146,1.162839307988132,0.5229069247238085
0.3860585728898139,-0.4018812008049406,0.0024710532782943025,-0.003228293679335274,-0.007092379145337861,0.004467292836802516,0.0009387487321867708,-0.0020005890850926045,0.0002397743048105565,3.287515004476115e-05,-0.80759400358108,0.023631076881228563,0.10030650122446048,0.5925872844504723,0.577363234891915,1.6929148671501064,1.0528500377878336,0.9280483566745606,1.5396336737002974,0.48051870879049935
-0.3811259822883558,0.4089236977336483,-0.03215984633587091,0.04525130539579292,-0.00183282874514071,0.0032244735938431086,-4.068822808891387e-05,0.0001009265447090281,-3.605868179957526e-05,-3.531242661958588e-05,-1.554665782627573,-0.015137489057162506,0.11802501739497277,0.4939465223300995,0.21686591606924985,1.7896090922728425,0.5125007852134391,0.89656335956284,1.4023258854109613,0.5129918646249079
0.42766207656090854,0.4259126008779231,-0.020443939716607535,-0.022721232308684756,-0.0005708054786353381,-0.0006961028846415992,0.00019037352033221457,0.000136198266232894,9.152154943028648e-05,0.00033181939222873963,-1.0946387525983852,-2.170973588807735,0.10878857432304975,0.49480145254472596,0.09556612858836833,0.9859298814933453,0.506668202319409,0.8709743570368269,1.1743289614352297,0.5427258180158482
0.40642789575077215,0.4305345948689364,0.019116381100146823,0.01677538758105957,0.000615653486877373,0.0004427337973671662,-0.00014894946662804501,-0.0002729134420200835,-7.892166652420535e-05,-0.0005631335473339708,-0.8149586455778323,-0.046698045443226734,0.10213096365029387,0.5990301232880039,0.56774788401118,1.7804106844094547,0.8735362235106244,0.8913623609886249,1.4067840649671957,0.4900860971482068
